기준_년분기_코드,자치구_코드,총_유동인구_수,월_평균_소득_금액,지출_총금액,운영_영업_개월_평균,폐업_영업_개월_평균,집객시설_수,점포_수,폐업_점포_수,공시지가
20244,11740,107151778,3292857,154000000000.0,104,49,2063,22160,679,4136539
20244,11710,120317054,3995905,371000000000.0,110,50,2810,40391,1072,5971945
20244,11680,144164615,4943841,2790000000000.0,102,49,4084,59857,1450,11922941
20244,11650,97166789,4912401,636000000000.0,116,54,2779,39141,799,7218511
20244,11620,126296711,2771927,119000000000.0,102,50,2255,20120,667,3986627
20244,11590,81823206,3454170,180000000000.0,112,56,1934,15618,451,4280654
20244,11560,108064439,3604887,1160000000000.0,111,52,2400,28002,751,4503093
20244,11545,35468459,2632285,76883732000.0,107,51,1320,17813,474,2930902
20244,11530,79273963,2994059,1850000000000.0,116,52,2192,23538,618,2900773
20244,11500,113675043,3160623,230000000000.0,93,48,2714,29101,937,2847634
20244,11470,76779968,3796034,108000000000.0,107,50,1762,18677,550,3399776
20244,11440,113763836,3832436,636000000000.0,92,49,2232,30352,876,6174009
20244,11410,95412427,3417706,136000000000.0,108,53,1909,14166,419,3771586
20244,11380,96539242,2912739,91375321000.0,104,51,2144,18678,616,3166812
20244,11350,92584226,3195375,127000000000.0,103,51,2586,18932,566,2559028
20244,11320,61436192,2785111,51850173000.0,107,50,1432,11717,331,2390374
20244,11305,91622385,2547460,61335248000.0,106,48,1843,13063,498,2642841
20244,11290,119072203,3281773,84947365000.0,106,53,2380,17354,527,3190132
20244,11260,93145934,2598785,69209559000.0,104,49,1840,16796,504,2983133
20244,11230,104589726,3030256,93038276000.0,118,54,1987,20454,547,3783838
20244,11215,91857304,3192971,99285146000.0,105,51,1602,19042,547,4371127
20244,11200,73277025,3734499,102000000000.0,105,55,1693,19392,498,4884766
20244,11170,59598747,3971498,257000000000.0,114,57,1504,18867,402,6812532
20244,11140,59119565,3513603,2860000000000.0,129,63,2071,37511,796,9949269
20244,11110,67784322,3725859,224000000000.0,131,63,2058,23649,448,5937878
20243,11740,106711348,3292857,58031357000.0,102,49,2063,22295,757,4136539
20243,11710,120227253,3995905,136000000000.0,108,50,2810,40554,1196,5971945
20243,11680,145164613,4943841,969000000000.0,101,49,4084,59894,1771,11922941
20243,11650,96514227,4912401,216000000000.0,114,54,2779,39219,951,7218511
20243,11620,125790783,2771927,42861991000.0,99,49,2255,20268,709,3986627
20243,11590,80721287,3454170,64945210000.0,111,56,1934,15701,524,4280654
20243,11560,107199139,3604887,96146088000.0,109,52,2400,28009,867,4503093
20243,11545,35725684,2632285,25883341000.0,105,51,1320,17934,574,2930902
20243,11530,78504355,2994059,618000000000.0,113,51,2192,23663,663,2900773
20243,11500,113248930,3160623,87942742000.0,91,48,2714,29236,1036,2847634
20243,11470,77403996,3796034,40012838000.0,105,50,1762,18799,631,3399776
20243,11440,112474602,3832436,482000000000.0,90,48,2232,30364,1111,6174009
20243,11410,94664889,3417706,46328681000.0,106,53,1909,14228,481,3771586
20243,11380,97237400,2912739,32972833000.0,102,51,2144,18810,722,3166812
20243,11350,92668429,3195375,44112600000.0,101,51,2586,19079,645,2559028
20243,11320,62227967,2785111,18472546000.0,105,50,1432,11792,396,2390374
20243,11305,91978076,2547460,21923564000.0,104,48,1843,13199,434,2642841
20243,11290,115541372,3281773,29255603000.0,104,53,2380,17449,561,3190132
20243,11260,92572434,2598785,24488372000.0,102,49,1840,16862,612,2983133
20243,11230,102087421,3030256,32329332000.0,116,53,1987,20569,576,3783838
20243,11215,90112231,3192971,34659666000.0,103,51,1602,19120,631,4371127
20243,11200,72164706,3734499,34121909000.0,104,54,1693,19443,567,4884766
20243,11170,58581054,3971498,96311255000.0,112,57,1504,18881,540,6812532
20243,11140,56925213,3513603,1020000000000.0,126,62,2071,37794,937,9949269
20243,11110,65170668,3725859,76268855000.0,130,62,2058,23666,538,5937878
20242,11740,105852073,3292857,158000000000.0,100,49,2063,22498,818,4136539
20242,11710,120002856,3995905,378000000000.0,106,50,2810,40786,1242,5971945
20242,11680,143850163,4943841,2700000000000.0,99,48,4084,60159,1710,11922941
20242,11650,96894498,4912401,620000000000.0,112,54,2779,39447,980,7218511
20242,11620,126560305,2771927,121000000000.0,98,49,2255,20423,832,3986627
20242,11590,81988903,3454170,184000000000.0,110,55,1934,15827,531,4280654
20242,11560,107613994,3604887,264000000000.0,108,52,2400,28139,861,4503093
20242,11545,35396760,2632285,74531440000.0,103,51,1320,18098,551,2930902
20242,11530,78481576,2994059,1610000000000.0,111,51,2192,23825,743,2900773
20242,11500,112518934,3160623,231000000000.0,89,48,2714,29438,1097,2847634
20242,11470,77140378,3796034,110000000000.0,103,49,1762,18965,644,3399776
20242,11440,115154071,3832436,1210000000000.0,89,48,2232,30514,1038,6174009
20242,11410,94677160,3417706,117000000000.0,105,53,1909,14326,542,3771586
20242,11380,97642667,2912739,92705118000.0,100,51,2144,19049,680,3166812
20242,11350,94293306,3195375,128000000000.0,99,50,2586,19243,705,2559028
20242,11320,61564115,2785111,52531543000.0,103,50,1432,11868,357,2390374
20242,11305,93656261,2547460,62313292000.0,102,48,1843,13299,538,2642841
20242,11290,119610897,3281773,87219766000.0,102,53,2380,17598,578,3190132
20242,11260,93747281,2598785,69386912000.0,100,49,1840,17031,564,2983133
20242,11230,106517526,3030256,93548964000.0,115,53,1987,20667,629,3783838
20242,11215,92118931,3192971,101000000000.0,101,51,1602,19241,654,4371127
20242,11200,73792488,3734499,94895025000.0,102,54,1693,19544,545,4884766
20242,11170,59713443,3971498,263000000000.0,111,57,1504,19023,519,6812532
20242,11140,59244434,3513603,2720000000000.0,124,62,2071,38190,791,9949269
20242,11110,68281097,3725859,218000000000.0,128,62,2058,23714,560,5937878
20241,11740,108851671,3292857,47972732000.0,98,48,2063,22702,977,4136539
20241,11710,124044949,3995905,122000000000.0,104,50,2810,41053,1510,5971945
20241,11680,144673730,4943841,892000000000.0,98,48,4084,60354,2068,11922941
20241,11650,96950096,4912401,211000000000.0,111,53,2779,39651,1122,7218511
20241,11620,129617251,2771927,39101249000.0,96,49,2255,20620,911,3986627
20241,11590,82698133,3454170,57055275000.0,108,55,1934,15932,538,4280654
20241,11560,110850420,3604887,87836688000.0,106,52,2400,28292,925,4503093
20241,11545,36794973,2632285,24507608000.0,101,51,1320,18209,652,2930902
20241,11530,80975809,2994059,509000000000.0,109,51,2192,23985,842,2900773
20241,11500,116166586,3160623,69565836000.0,88,48,2714,29611,1317,2847634
20241,11470,79543116,3796034,34765680000.0,101,49,1762,19096,783,3399776
20241,11440,116341575,3832436,361000000000.0,87,48,2232,30581,1176,6174009
20241,11410,95331114,3417706,36399135000.0,103,53,1909,14448,568,3771586
20241,11380,99894420,2912739,28609594000.0,98,51,2144,19202,802,3166812
20241,11350,96744301,3195375,40263858000.0,97,50,2586,19414,911,2559028
20241,11320,63874164,2785111,16621346000.0,102,50,1432,11925,406,2390374
20241,11305,95668304,2547460,19328632000.0,101,48,1843,13407,588,2642841
20241,11290,119590078,3281773,27760719000.0,101,53,2380,17684,719,3190132
20241,11260,97869230,2598785,21661682000.0,99,49,1840,17081,628,2983133
20241,11230,104940346,3030256,29627951000.0,113,53,1987,20772,668,3783838
20241,11215,93274090,3192971,32022178000.0,99,51,1602,19353,788,4371127
20241,11200,74772056,3734499,28717141000.0,101,54,1693,19523,605,4884766
20241,11170,62142113,3971498,83236164000.0,109,56,1504,19112,566,6812532
20241,11140,59082215,3513603,875000000000.0,123,62,2071,38358,1069,9949269
20241,11110,66649984,3725859,71769697000.0,127,62,2058,23768,596,5937878
20234,11740,107182679,3292857,158000000000.0,97,48,2063,22910,711,4084605
20234,11710,122054903,3995905,218000000000.0,103,50,2810,41403,1154,5933125
20234,11680,142841188,4943841,2770000000000.0,96,48,4084,60822,1602,11681749
20234,11650,96389408,4912401,619000000000.0,109,53,2779,39787,896,7067357
20234,11620,128331304,2771927,119000000000.0,95,49,2255,20728,688,3962450
20234,11590,81971608,3454170,187000000000.0,107,55,1934,15986,456,4230619
20234,11560,110261973,3604887,235000000000.0,105,52,2400,28417,830,4415996
20234,11545,36226369,2632285,78078605000.0,99,50,1320,18402,482,2913506
20234,11530,79774854,2994059,1490000000000.0,108,51,2192,24177,644,2889484
20234,11500,114009197,3160623,222000000000.0,86,48,2714,29802,1010,2814701
20234,11470,77616778,3796034,108000000000.0,100,49,1762,19248,651,3379104
20234,11440,115857141,3832436,1180000000000.0,86,48,2232,30668,917,6119988
20234,11410,96533352,3417706,116000000000.0,102,52,1909,14551,431,3755550
20234,11380,99442931,2912739,89940612000.0,96,51,2144,19386,628,3162188
20234,11350,96648244,3195375,126000000000.0,97,50,2586,19639,563,2548603
20234,11320,63548031,2785111,51244862000.0,101,49,1432,11964,371,2353941
20234,11305,95197227,2547460,61065166000.0,100,48,1843,13557,451,2621864
20234,11290,120888135,3281773,83882917000.0,100,52,2380,17840,538,3168400
20234,11260,97500881,2598785,67373876000.0,98,48,1840,17085,551,2963517
20234,11230,107548397,3030256,92602895000.0,112,53,1987,20849,499,3750023
20234,11215,93233642,3192971,98924305000.0,98,50,1602,19460,575,4364133
20234,11200,74398165,3734499,88248702000.0,100,53,1693,19539,421,4809351
20234,11170,63716168,3971498,250000000000.0,108,56,1504,19216,458,6749489
20234,11140,60590175,3513603,2720000000000.0,121,62,2071,38857,749,9891239
20234,11110,68732339,3725859,220000000000.0,126,61,2058,23863,518,5920540
20233,11740,106643794,3292857,153000000000.0,96,48,2063,22763,744,4084605
20233,11710,120476997,3995905,197000000000.0,101,49,2810,41271,1258,5933125
20233,11680,145280452,4943841,2550000000000.0,95,48,4084,60310,1696,11681749
20233,11650,96511523,4912401,571000000000.0,108,53,2779,39574,960,7067357
20233,11620,128048887,2771927,117000000000.0,94,49,2255,20560,690,3962450
20233,11590,81663332,3454170,180000000000.0,106,55,1934,15915,493,4230619
20233,11560,108538800,3604887,216000000000.0,104,51,2400,28277,886,4415996
20233,11545,36612906,2632285,69932855000.0,97,50,1320,18388,491,2913506
20233,11530,79531085,2994059,1390000000000.0,106,50,2192,24160,689,2889484
20233,11500,113105133,3160623,210000000000.0,85,48,2714,29691,1063,2814701
20233,11470,77265756,3796034,109000000000.0,99,49,1762,19189,611,3379104
20233,11440,114208917,3832436,1070000000000.0,85,48,2232,30363,1044,6119988
20233,11410,93385346,3417706,109000000000.0,100,52,1909,14525,477,3755550
20233,11380,98440429,2912739,89028461000.0,95,50,2144,19331,669,3162188
20233,11350,95091503,3195375,121000000000.0,95,50,2586,19558,623,2548603
20233,11320,62935824,2785111,49527601000.0,101,49,1432,11807,357,2353941
20233,11305,95208377,2547460,59835477000.0,98,47,1843,13502,452,2621864
20233,11290,117624977,3281773,80770253000.0,98,52,2380,17837,567,3168400
20233,11260,96677469,2598785,66346705000.0,97,48,1840,17001,594,2963517
20233,11230,103704520,3030256,90241899000.0,111,53,1987,20670,568,3750023
20233,11215,91012372,3192971,96890565000.0,97,50,1602,19398,659,4364133
20233,11200,72712899,3734499,85286629000.0,99,53,1693,19398,532,4809351
20233,11170,63238612,3971498,256000000000.0,107,56,1504,19163,479,6749489
20233,11140,58458194,3513603,2510000000000.0,119,61,2071,38959,973,9891239
20233,11110,66318125,3725859,320000000000.0,124,61,2058,23856,559,5920540
20232,11740,106595818,3292857,160000000000.0,96,48,2063,22527,734,4084605
20232,11710,120744535,3995905,201000000000.0,101,49,2810,41085,1198,5933125
20232,11680,144340910,4943841,2610000000000.0,94,48,4084,59965,1585,11681749
20232,11650,97423941,4912401,622000000000.0,108,53,2779,39260,885,7067357
20232,11620,129493663,2771927,118000000000.0,94,49,2255,20398,691,3962450
20232,11590,83988363,3454170,181000000000.0,106,54,1934,15827,513,4230619
20232,11560,108158325,3604887,217000000000.0,103,51,2400,28125,859,4415996
20232,11545,37217378,2632285,77202759000.0,98,50,1320,18034,517,2913506
20232,11530,79078197,2994059,1370000000000.0,105,50,2192,24127,698,2889484
20232,11500,112643302,3160623,197000000000.0,84,48,2714,29446,1058,2814701
20232,11470,76633616,3796034,107000000000.0,98,49,1762,19124,654,3379104
20232,11440,115686675,3832436,1050000000000.0,85,48,2232,30113,952,6119988
20232,11410,94482662,3417706,116000000000.0,100,52,1909,14469,458,3755550
20232,11380,98028049,2912739,90440858000.0,94,50,2144,19310,675,3162188
20232,11350,94876839,3195375,126000000000.0,95,49,2586,19408,605,2548603
20232,11320,63347601,2785111,50312566000.0,100,49,1432,11762,393,2353941
20232,11305,95336386,2547460,61629372000.0,98,47,1843,13438,476,2621864
20232,11290,120785905,3281773,84121681000.0,97,52,2380,17796,590,3168400
20232,11260,96598350,2598785,67707226000.0,97,48,1840,16862,583,2963517
20232,11230,107562233,3030256,92771425000.0,111,52,1987,20589,625,3750023
20232,11215,92598965,3192971,101000000000.0,96,50,1602,19334,637,4364133
20232,11200,73197584,3734499,87762952000.0,98,53,1693,19248,484,4809351
20232,11170,63775628,3971498,252000000000.0,106,55,1504,19081,433,6749489
20232,11140,60438347,3513603,2530000000000.0,118,61,2071,38932,820,9891239
20232,11110,69035534,3725859,322000000000.0,124,61,2058,23819,509,5920540
20231,11740,108684950,3292857,159000000000.0,95,48,2063,22318,776,4084605
20231,11710,123625232,3995905,194000000000.0,100,49,2810,40812,1329,5933125
20231,11680,145747421,4943841,2590000000000.0,94,47,4084,59392,1782,11681749
20231,11650,98877795,4912401,629000000000.0,107,52,2779,38988,1140,7067357
20231,11620,130473712,2771927,116000000000.0,93,49,2255,20230,792,3962450
20231,11590,86213513,3454170,176000000000.0,106,54,1934,15742,584,4230619
20231,11560,110054515,3604887,211000000000.0,103,51,2400,27939,876,4415996
20231,11545,38374161,2632285,72381528000.0,98,50,1320,17735,582,2913506
20231,11530,79623808,2994059,1340000000000.0,104,50,2192,24046,691,2889484
20231,11500,115242542,3160623,231000000000.0,84,48,2714,29257,1091,2814701
20231,11470,77922212,3796034,104000000000.0,97,48,1762,19123,731,3379104
20231,11440,117260386,3832436,1020000000000.0,85,48,2232,29785,1111,6119988
20231,11410,94579090,3417706,119000000000.0,100,52,1909,14347,567,3755550
20231,11380,100101059,2912739,85565857000.0,94,50,2144,19263,764,3162188
20231,11350,96453857,3195375,120000000000.0,94,49,2586,19321,717,2548603
20231,11320,64902963,2785111,47199028000.0,99,49,1432,11761,426,2353941
20231,11305,97300941,2547460,58425346000.0,97,47,1843,13365,421,2621864
20231,11290,120107872,3281773,78828381000.0,97,52,2380,17759,559,3168400
20231,11260,98823560,2598785,64991013000.0,96,48,1840,16773,619,2963517
20231,11230,105938883,3030256,87581454000.0,110,52,1987,20519,613,3750023
20231,11215,92762592,3192971,94779593000.0,96,50,1602,19195,694,4364133
20231,11200,74270974,3734499,84438182000.0,98,53,1693,19060,588,4809351
20231,11170,63770566,3971498,237000000000.0,106,55,1504,18914,541,6749489
20231,11140,59566014,3513603,2570000000000.0,117,61,2071,38883,1044,9891239
20231,11110,68350496,3725859,312000000000.0,123,60,2058,23691,605,5920540
20224,11740,107789373,3292857,145000000000.0,95,48,2063,22117,668,4351465
20224,11710,122898991,3995905,202000000000.0,99,49,2810,40647,1045,6290919
20224,11680,143390286,4943841,2680000000000.0,93,47,4084,58961,1344,12268132
20224,11650,97694530,4912401,605000000000.0,106,52,2779,38927,825,7403581
20224,11620,129482971,2771927,115000000000.0,93,48,2255,20161,648,4203577
20224,11590,86056190,3454170,178000000000.0,105,54,1934,15786,428,4506925
20224,11560,109321059,3604887,268000000000.0,102,51,2400,27787,755,4709922
20224,11545,37700570,2632285,76909617000.0,98,50,1320,17544,491,3102373
20224,11530,78583455,2994059,1370000000000.0,104,50,2192,23971,569,3095948
20224,11500,114441017,3160623,250000000000.0,83,47,2714,29064,887,2994489
20224,11470,76551500,3796034,103000000000.0,97,48,1762,19103,557,3582827
20224,11440,116023747,3832436,1100000000000.0,84,47,2232,29626,841,6480667
20224,11410,94956260,3417706,133000000000.0,100,51,1909,14366,399,3983186
20224,11380,99443890,2912739,84713663000.0,93,50,2144,19251,629,3372155
20224,11350,96345410,3195375,119000000000.0,94,49,2586,19274,567,2722523
20224,11320,64574925,2785111,47076208000.0,99,48,1432,11758,310,2507295
20224,11305,96763701,2547460,58603244000.0,97,47,1843,13300,434,2759774
20224,11290,120387484,3281773,79024456000.0,96,52,2380,17714,480,3361407
20224,11260,97958502,2598785,64444132000.0,96,48,1840,16740,511,3169617
20224,11230,106753455,3030256,90071351000.0,110,52,1987,20448,533,3987227
20224,11215,92150893,3192971,94555442000.0,95,50,1602,19183,571,4659479
20224,11200,74636033,3734499,86745402000.0,97,52,1693,18999,466,5044931
20224,11170,64038330,3971498,237000000000.0,105,55,1504,18856,402,7270912
20224,11140,60436323,3513603,2600000000000.0,117,60,2071,38828,760,10507645
20224,11110,69870502,3725859,310000000000.0,122,60,2058,23688,494,6283933
20223,11740,107457752,3292857,158000000000.0,95,48,2063,21763,804,4351465
20223,11710,123093054,3995905,198000000000.0,100,48,2810,39967,1295,6290919
20223,11680,144550788,4943841,2670000000000.0,92,47,4084,58178,1618,12268132
20223,11650,97507224,4912401,581000000000.0,106,52,2779,38539,926,7403581
20223,11620,129599472,2771927,115000000000.0,93,48,2255,19802,832,4203577
20223,11590,84213194,3454170,180000000000.0,106,53,1934,15543,512,4506925
20223,11560,109080248,3604887,234000000000.0,103,50,2400,27382,857,4709922
20223,11545,37867075,2632285,69642390000.0,98,49,1320,17323,484,3102373
20223,11530,78260049,2994059,1300000000000.0,104,49,2192,23525,726,3095948
20223,11500,113206811,3160623,219000000000.0,84,47,2714,28483,1124,2994489
20223,11470,77194849,3796034,107000000000.0,97,48,1762,18756,643,3582827
20223,11440,114899120,3832436,1070000000000.0,84,47,2232,29118,1035,6480667
20223,11410,93373626,3417706,135000000000.0,100,51,1909,14166,522,3983186
20223,11380,99373464,2912739,86391199000.0,93,49,2144,19043,637,3372155
20223,11350,96448695,3195375,119000000000.0,94,49,2586,19025,671,2722523
20223,11320,64934302,2785111,48901854000.0,99,48,1432,11564,413,2507295
20223,11305,96872612,2547460,59860658000.0,97,47,1843,13156,519,2759774
20223,11290,117868658,3281773,79708088000.0,96,51,2380,17463,554,3361407
20223,11260,98199862,2598785,66289086000.0,96,47,1840,16456,626,3169617
20223,11230,104248006,3030256,90621786000.0,110,52,1987,20219,641,3987227
20223,11215,92114047,3192971,96756574000.0,95,49,1602,18904,644,4659479
20223,11200,73895921,3734499,86993149000.0,97,52,1693,18679,528,5044931
20223,11170,64632066,3971498,257000000000.0,106,55,1504,18568,488,7270912
20223,11140,58602926,3513603,2430000000000.0,116,60,2071,38651,1056,10507645
20223,11110,67884630,3725859,307000000000.0,122,60,2058,23425,576,6283933
20222,11740,109430592,3292857,163000000000.0,94,48,2063,21782,488,4351465
20222,11710,126379573,3995905,202000000000.0,98,48,2810,40032,793,6290919
20222,11680,146029635,4943841,2510000000000.0,91,47,4084,58018,1109,12268132
20222,11650,100273557,4912401,598000000000.0,105,52,2779,38451,657,7403581
20222,11620,132961363,2771927,112000000000.0,92,48,2255,19974,496,4203577
20222,11590,86511159,3454170,175000000000.0,105,53,1934,15584,309,4506925
20222,11560,110057211,3604887,269000000000.0,102,50,2400,27408,498,4709922
20222,11545,38465498,2632285,72235124000.0,97,49,1320,17331,341,3102373
20222,11530,79076688,2994059,1270000000000.0,103,49,2192,23588,449,3095948
20222,11500,114409176,3160623,216000000000.0,83,47,2714,28473,647,2994489
20222,11470,79748002,3796034,280000000000.0,96,48,1762,18785,448,3582827
20222,11440,116619704,3832436,1010000000000.0,83,47,2232,29037,682,6480667
20222,11410,95215685,3417706,140000000000.0,99,51,1909,14189,304,3983186
20222,11380,101619410,2912739,85688627000.0,92,49,2144,19047,422,3372155
20222,11350,99530579,3195375,121000000000.0,93,48,2586,19068,364,2722523
20222,11320,66497209,2785111,47905409000.0,98,48,1432,11620,255,2507295
20222,11305,98541307,2547460,59668097000.0,96,46,1843,13237,315,2759774
20222,11290,121460249,3281773,80163306000.0,96,51,2380,17299,304,3361407
20222,11260,100756172,2598785,65174984000.0,95,47,1840,16524,343,3169617
20222,11230,108112200,3030256,91254964000.0,108,51,1987,20312,370,3987227
20222,11215,94990472,3192971,95321176000.0,94,49,1602,18969,403,4659479
20222,11200,75781813,3734499,86802390000.0,96,52,1693,18718,367,5044931
20222,11170,66417298,3971498,248000000000.0,104,54,1504,18601,339,7270912
20222,11140,60761908,3513603,2350000000000.0,115,60,2071,38804,488,10507645
20222,11110,70354417,3725859,320000000000.0,121,60,2058,23453,351,6283933
20221,11740,110865619,3292857,162000000000.0,93,47,2063,21543,556,4351465
20221,11710,126723701,3995905,174000000000.0,97,48,2810,39670,996,6290919
20221,11680,140149206,4943841,2340000000000.0,90,47,4084,57351,1417,12268132
20221,11650,98533121,4912401,596000000000.0,104,51,2779,38144,866,7403581
20221,11620,133555800,2771927,96838207000.0,91,48,2255,19846,588,4203577
20221,11590,86369338,3454170,145000000000.0,104,53,1934,15445,373,4506925
20221,11560,109291932,3604887,255000000000.0,101,50,2400,27094,656,4709922
20221,11545,39028282,2632285,59631708000.0,95,49,1320,17220,373,3102373
20221,11530,79909696,2994059,1240000000000.0,101,49,2192,23451,639,3095948
20221,11500,116254725,3160623,177000000000.0,82,47,2714,28082,796,2994489
20221,11470,81001994,3796034,264000000000.0,95,48,1762,18628,484,3582827
20221,11440,113723531,3832436,1000000000000.0,82,47,2232,28619,746,6480667
20221,11410,93514626,3417706,134000000000.0,98,51,1909,14053,318,3983186
20221,11380,103625410,2912739,73677548000.0,91,49,2144,18820,506,3372155
20221,11350,100644466,3195375,103000000000.0,91,48,2586,18898,476,2722523
20221,11320,66984664,2785111,41451493000.0,97,48,1432,11527,292,2507295
20221,11305,99870302,2547460,49010261000.0,95,46,1843,13128,359,2759774
20221,11290,118067924,3281773,66493355000.0,95,51,2380,16967,468,3361407
20221,11260,102401242,2598785,55422406000.0,94,47,1840,16358,419,3169617
20221,11230,105728950,3030256,78353536000.0,108,51,1987,20150,436,3987227
20221,11215,94688581,3192971,74897944000.0,93,49,1602,18759,461,4659479
20221,11200,75380060,3734499,72285116000.0,95,51,1693,18544,441,5044931
20221,11170,65112295,3971498,217000000000.0,104,54,1504,18401,397,7270912
20221,11140,56147459,3513603,2320000000000.0,113,59,2071,38622,756,10507645
20221,11110,64579681,3725859,312000000000.0,120,59,2058,23291,488,6283933
20214,11740,111014834,3292857,162000000000.0,92,47,2063,21441,629,3926835
20214,11710,125908617,3995905,188000000000.0,96,48,2810,39566,990,5528940
20214,11680,141200009,4943841,2370000000000.0,89,47,4084,57069,1321,10763797
20214,11650,99560677,4912401,567000000000.0,103,51,2779,37921,875,6415780
20214,11620,131082454,2771927,102000000000.0,89,48,2255,19895,647,3778581
20214,11590,85574567,3454170,161000000000.0,103,52,1934,15435,462,4031081
20214,11560,107849117,3604887,316000000000.0,100,50,2400,26984,660,4214299
20214,11545,38748740,2632285,106000000000.0,94,49,1320,17125,402,2810925
20214,11530,78698310,2994059,1230000000000.0,101,49,2192,23430,519,2836065
20214,11500,114843767,3160623,202000000000.0,81,47,2714,27891,854,2708466
20214,11470,80009867,3796034,283000000000.0,94,48,1762,18546,489,3308006
20214,11440,114118315,3832436,1030000000000.0,81,47,2232,28444,815,5879973
20214,11410,93134304,3417706,127000000000.0,97,51,1909,13987,403,3632641
20214,11380,101701882,2912739,79144765000.0,91,49,2144,18671,529,3085393
20214,11350,100993226,3195375,109000000000.0,90,48,2586,18808,529,2488950
20214,11320,66425922,2785111,44168460000.0,96,47,1432,11508,295,2296875
20214,11305,99016815,2547460,53038871000.0,93,46,1843,13097,395,2513976
20214,11290,118748595,3281773,70795747000.0,95,51,2380,16794,441,3060707
20214,11260,101138502,2598785,59351068000.0,93,47,1840,16294,466,2863589
20214,11230,105445663,3030256,84605930000.0,107,51,1987,20048,481,3586667
20214,11215,92811161,3192971,81262794000.0,92,49,1602,18722,578,4164453
20214,11200,75874853,3734499,79126138000.0,94,51,1693,18420,444,4353738
20214,11170,65725589,3971498,244000000000.0,103,54,1504,18339,396,6552879
20214,11140,57926596,3513603,2400000000000.0,112,59,2071,38457,807,9763913
20214,11110,66974979,3725859,345000000000.0,119,59,2058,23283,497,5781443
20213,11740,112706627,3292857,152000000000.0,92,47,2063,21100,558,3926835
20213,11710,125805497,3995905,170000000000.0,96,48,2810,38981,996,5528940
20213,11680,138283459,4943841,2190000000000.0,89,47,4084,56042,1408,10763797
20213,11650,97350300,4912401,521000000000.0,102,51,2779,37479,858,6415780
20213,11620,131115280,2771927,96343781000.0,89,48,2255,19564,633,3778581
20213,11590,85639365,3454170,148000000000.0,103,52,1934,15260,396,4031081
20213,11560,106613708,3604887,309000000000.0,100,50,2400,26623,702,4214299
20213,11545,38609090,2632285,105000000000.0,94,49,1320,16815,365,2810925
20213,11530,78520253,2994059,1110000000000.0,101,48,2192,23044,591,2836065
20213,11500,115864268,3160623,182000000000.0,81,47,2714,27263,776,2708466
20213,11470,80663524,3796034,274000000000.0,94,47,1762,18202,482,3308006
20213,11440,113070489,3832436,976000000000.0,81,47,2232,27907,824,5879973
20213,11410,90399890,3417706,120000000000.0,97,50,1909,13807,400,3632641
20213,11380,101963337,2912739,75823673000.0,91,49,2144,18311,523,3085393
20213,11350,102094644,3195375,102000000000.0,90,48,2586,18570,544,2488950
20213,11320,66865957,2785111,43090890000.0,95,47,1432,11367,329,2296875
20213,11305,100374447,2547460,50752089000.0,93,46,1843,12910,412,2513976
20213,11290,117697344,3281773,67821028000.0,95,51,2380,16504,473,3060707
20213,11260,102126986,2598785,56582018000.0,94,47,1840,15991,449,2863589
20213,11230,103450240,3030256,81240912000.0,107,51,1987,19828,508,3586667
20213,11215,91874426,3192971,74577971000.0,92,49,1602,18443,545,4164453
20213,11200,75172963,3734499,71492554000.0,94,51,1693,18169,462,4353738
20213,11170,64697735,3971498,247000000000.0,103,54,1504,18119,447,6552879
20213,11140,54994355,3513603,2120000000000.0,111,59,2071,38402,891,9763913
20213,11110,63583792,3725859,315000000000.0,119,59,2058,23161,556,5781443
20212,11740,109916405,3292857,161000000000.0,91,47,2063,20950,670,3926835
20212,11710,126380930,3995905,173000000000.0,95,47,2810,38888,1079,5528940
20212,11680,143911382,4943841,2120000000000.0,88,46,4084,55680,1484,10763797
20212,11650,99514660,4912401,544000000000.0,101,51,2779,37308,910,6415780
20212,11620,132700748,2771927,97017559000.0,88,48,2255,19584,750,3778581
20212,11590,86567725,3454170,149000000000.0,102,52,1934,15288,493,4031081
20212,11560,108599320,3604887,339000000000.0,99,49,2400,26478,815,4214299
20212,11545,38547902,2632285,111000000000.0,93,48,1320,16701,481,2810925
20212,11530,79459428,2994059,901000000000.0,99,48,2192,22989,590,2836065
20212,11500,117812112,3160623,196000000000.0,80,47,2714,27011,908,2708466
20212,11470,81181713,3796034,289000000000.0,93,47,1762,18091,566,3308006
20212,11440,116426436,3832436,1080000000000.0,81,46,2232,27759,890,5879973
20212,11410,94281514,3417706,125000000000.0,96,50,1909,13781,436,3632641
20212,11380,101511871,2912739,74609996000.0,90,49,2144,18219,596,3085393
20212,11350,104061747,3195375,103000000000.0,89,48,2586,18546,628,2488950
20212,11320,67014827,2785111,42510768000.0,94,47,1432,11370,363,2296875
20212,11305,99996537,2547460,50190908000.0,92,46,1843,12933,473,2513976
20212,11290,122030508,3281773,67968262000.0,94,51,2380,16456,547,3060707
20212,11260,102641795,2598785,56221254000.0,93,46,1840,15922,551,2863589
20212,11230,105932469,3030256,79892156000.0,106,50,1987,19769,605,3586667
20212,11215,93795851,3192971,76725196000.0,91,49,1602,18434,610,4164453
20212,11200,77070225,3734499,74658823000.0,93,51,1693,18076,510,4353738
20212,11170,66133738,3971498,240000000000.0,102,54,1504,18094,453,6552879
20212,11140,58504064,3513603,2140000000000.0,110,58,2071,38432,900,9763913
20212,11110,66739796,3725859,314000000000.0,117,58,2058,23216,577,5781443
20211,11740,109872659,3292857,161000000000.0,91,47,2063,20805,634,3926835
20211,11710,127659472,3995905,153000000000.0,94,47,2810,38714,1095,5528940
20211,11680,140991434,4943841,2040000000000.0,87,46,4084,55276,1560,10763797
20211,11650,98889995,4912401,522000000000.0,100,50,2779,37172,1014,6415780
20211,11620,134446692,2771927,87993895000.0,87,47,2255,19543,654,3778581
20211,11590,87992563,3454170,129000000000.0,101,51,1934,15264,440,4031081
20211,11560,108938038,3604887,308000000000.0,98,49,2400,26369,808,4214299
20211,11545,39182852,2632285,87874008000.0,93,48,1320,16602,412,2810925
20211,11530,81043899,2994059,863000000000.0,98,48,2192,22879,599,2836065
20211,11500,121269367,3160623,169000000000.0,80,47,2714,26683,937,2708466
20211,11470,82706108,3796034,275000000000.0,92,47,1762,17991,509,3308006
20211,11440,115538731,3832436,1030000000000.0,80,46,2232,27456,860,5879973
20211,11410,93719989,3417706,109000000000.0,95,50,1909,13729,450,3632641
20211,11380,104199516,2912739,66955061000.0,90,48,2144,18152,574,3085393
20211,11350,105645763,3195375,92961104000.0,88,47,2586,18500,628,2488950
20211,11320,68705741,2785111,38482459000.0,93,47,1432,11329,327,2296875
20211,11305,102521576,2547460,44904206000.0,92,46,1843,12863,396,2513976
20211,11290,123706935,3281773,60954158000.0,94,50,2380,16418,519,3060707
20211,11260,105509837,2598785,50560026000.0,92,46,1840,15838,478,2863589
20211,11230,105983900,3030256,73144541000.0,105,50,1987,19737,555,3586667
20211,11215,95233549,3192971,65426326000.0,90,48,1602,18379,507,4164453
20211,11200,76432709,3734499,64429131000.0,92,50,1693,17996,475,4353738
20211,11170,65905116,3971498,228000000000.0,100,53,1504,18053,519,6552879
20211,11140,56500462,3513603,2020000000000.0,109,58,2071,38483,1053,9763913
20211,11110,64341967,3725859,290000000000.0,116,58,2058,23181,587,5781443
